"id","survived","pclass","sex","age","sibsp","parch","fare","embarked","farelevel"
"1","N","P3","male",22,1,0,7.25,"S","L"
"2","Y","P1","female",38,1,0,71.2833,"C","L"
"3","Y","P3","female",26,0,0,7.925,"S","L"
"4","Y","P1","female",35,1,0,53.1,"S","L"
"5","N","P3","male",35,0,0,8.05,"S","L"
"6","N","P3","male",?,0,0,8.4583,"Q","L"
"7","N","P1","male",54,0,0,51.8625,"S","L"
"8","N","P3","male",2,3,1,21.075,"S","L"
"9","Y","P3","female",27,0,2,11.1333,"S","L"
"10","Y","P2","female",14,1,0,30.0708,"C","L"
"11","Y","P3","female",4,1,1,16.7,"S","L"
"12","Y","P1","female",58,0,0,26.55,"S","L"
"13","N","P3","male",20,0,0,8.05,"S","L"
"14","N","P3","male",39,1,5,31.275,"S","L"
"15","N","P3","female",14,0,0,7.8542,"S","L"
"16","Y","P2","female",55,0,0,16,"S","L"
"17","N","P3","male",2,4,1,29.125,"Q","L"
"18","Y","P2","male",?,0,0,13,"S","L"
"19","N","P3","female",31,1,0,18,"S","L"
"20","Y","P3","female",?,0,0,7.225,"C","L"
"21","N","P2","male",35,0,0,26,"S","L"
"22","Y","P2","male",34,0,0,13,"S","L"
"23","Y","P3","female",15,0,0,8.0292,"Q","L"
"24","Y","P1","male",28,0,0,35.5,"S","L"
"25","N","P3","female",8,3,1,21.075,"S","L"
"26","Y","P3","female",38,1,5,31.3875,"S","L"
"27","N","P3","male",?,0,0,7.225,"C","L"
"28","N","P1","male",19,3,2,263,"S","H"
"29","Y","P3","female",?,0,0,7.8792,"Q","L"
"30","N","P3","male",?,0,0,7.8958,"S","L"
"31","N","P1","male",40,0,0,27.7208,"C","L"
"32","Y","P1","female",?,1,0,146.5208,"C","H"
"33","Y","P3","female",?,0,0,7.75,"Q","L"
"34","N","P2","male",66,0,0,10.5,"S","L"
"35","N","P1","male",28,1,0,82.1708,"C","L"
"36","N","P1","male",42,1,0,52,"S","L"
"37","Y","P3","male",?,0,0,7.2292,"C","L"
"38","N","P3","male",21,0,0,8.05,"S","L"
"39","N","P3","female",18,2,0,18,"S","L"
"40","Y","P3","female",14,1,0,11.2417,"C","L"
"41","N","P3","female",40,1,0,9.475,"S","L"
"42","N","P2","female",27,1,0,21,"S","L"
"43","N","P3","male",?,0,0,7.8958,"C","L"
"44","Y","P2","female",3,1,2,41.5792,"C","L"
"45","Y","P3","female",19,0,0,7.8792,"Q","L"
"46","N","P3","male",?,0,0,8.05,"S","L"
"47","N","P3","male",?,1,0,15.5,"Q","L"
"48","Y","P3","female",?,0,0,7.75,"Q","L"
"49","N","P3","male",?,2,0,21.6792,"C","L"
"50","N","P3","female",18,1,0,17.8,"S","L"
"51","N","P3","male",7,4,1,39.6875,"S","L"
"52","N","P3","male",21,0,0,7.8,"S","L"
"53","Y","P1","female",49,1,0,76.7292,"C","L"
"54","Y","P2","female",29,1,0,26,"S","L"
"55","N","P1","male",65,0,1,61.9792,"C","L"
"56","Y","P1","male",?,0,0,35.5,"S","L"
"57","Y","P2","female",21,0,0,10.5,"S","L"
"58","N","P3","male",28.5,0,0,7.2292,"C","L"
"59","Y","P2","female",5,1,2,27.75,"S","L"
"60","N","P3","male",11,5,2,46.9,"S","L"
"61","N","P3","male",22,0,0,7.2292,"C","L"
"62","Y","P1","female",38,0,0,80,?,"L"
"63","N","P1","male",45,1,0,83.475,"S","L"
"64","N","P3","male",4,3,2,27.9,"S","L"
"65","N","P1","male",?,0,0,27.7208,"C","L"
"66","Y","P3","male",?,1,1,15.2458,"C","L"
"67","Y","P2","female",29,0,0,10.5,"S","L"
"68","N","P3","male",19,0,0,8.1583,"S","L"
"69","Y","P3","female",17,4,2,7.925,"S","L"
"70","N","P3","male",26,2,0,8.6625,"S","L"
"71","N","P2","male",32,0,0,10.5,"S","L"
"72","N","P3","female",16,5,2,46.9,"S","L"
"73","N","P2","male",21,0,0,73.5,"S","L"
"74","N","P3","male",26,1,0,14.4542,"C","L"
"75","Y","P3","male",32,0,0,56.4958,"S","L"
"76","N","P3","male",25,0,0,7.65,"S","L"
"77","N","P3","male",?,0,0,7.8958,"S","L"
"78","N","P3","male",?,0,0,8.05,"S","L"
"79","Y","P2","male",0.83,0,2,29,"S","L"
"80","Y","P3","female",30,0,0,12.475,"S","L"
"81","N","P3","male",22,0,0,9,"S","L"
"82","Y","P3","male",29,0,0,9.5,"S","L"
"83","Y","P3","female",?,0,0,7.7875,"Q","L"
"84","N","P1","male",28,0,0,47.1,"S","L"
"85","Y","P2","female",17,0,0,10.5,"S","L"
"86","Y","P3","female",33,3,0,15.85,"S","L"
"87","N","P3","male",16,1,3,34.375,"S","L"
"88","N","P3","male",?,0,0,8.05,"S","L"
"89","Y","P1","female",23,3,2,263,"S","H"
"90","N","P3","male",24,0,0,8.05,"S","L"
"91","N","P3","male",29,0,0,8.05,"S","L"
"92","N","P3","male",20,0,0,7.8542,"S","L"
"93","N","P1","male",46,1,0,61.175,"S","L"
"94","N","P3","male",26,1,2,20.575,"S","L"
"95","N","P3","male",59,0,0,7.25,"S","L"
"96","N","P3","male",?,0,0,8.05,"S","L"
"97","N","P1","male",71,0,0,34.6542,"C","L"
"98","Y","P1","male",23,0,1,63.3583,"C","L"
"99","Y","P2","female",34,0,1,23,"S","L"
"100","N","P2","male",34,1,0,26,"S","L"
"101","N","P3","female",28,0,0,7.8958,"S","L"
"102","N","P3","male",?,0,0,7.8958,"S","L"
"103","N","P1","male",21,0,1,77.2875,"S","L"
"104","N","P3","male",33,0,0,8.6542,"S","L"
"105","N","P3","male",37,2,0,7.925,"S","L"
"106","N","P3","male",28,0,0,7.8958,"S","L"
"107","Y","P3","female",21,0,0,7.65,"S","L"
"108","Y","P3","male",?,0,0,7.775,"S","L"
"109","N","P3","male",38,0,0,7.8958,"S","L"
"110","Y","P3","female",?,1,0,24.15,"Q","L"
"111","N","P1","male",47,0,0,52,"S","L"
"112","N","P3","female",14.5,1,0,14.4542,"C","L"
"113","N","P3","male",22,0,0,8.05,"S","L"
"114","N","P3","female",20,1,0,9.825,"S","L"
"115","N","P3","female",17,0,0,14.4583,"C","L"
"116","N","P3","male",21,0,0,7.925,"S","L"
"117","N","P3","male",70.5,0,0,7.75,"Q","L"
"118","N","P2","male",29,1,0,21,"S","L"
"119","N","P1","male",24,0,1,247.5208,"C","H"
"120","N","P3","female",2,4,2,31.275,"S","L"
"121","N","P2","male",21,2,0,73.5,"S","L"
"122","N","P3","male",?,0,0,8.05,"S","L"
"123","N","P2","male",32.5,1,0,30.0708,"C","L"
"124","Y","P2","female",32.5,0,0,13,"S","L"
"125","N","P1","male",54,0,1,77.2875,"S","L"
"126","Y","P3","male",12,1,0,11.2417,"C","L"
"127","N","P3","male",?,0,0,7.75,"Q","L"
"128","Y","P3","male",24,0,0,7.1417,"S","L"
"129","Y","P3","female",?,1,1,22.3583,"C","L"
"130","N","P3","male",45,0,0,6.975,"S","L"
"131","N","P3","male",33,0,0,7.8958,"C","L"
"132","N","P3","male",20,0,0,7.05,"S","L"
"133","N","P3","female",47,1,0,14.5,"S","L"
"134","Y","P2","female",29,1,0,26,"S","L"
"135","N","P2","male",25,0,0,13,"S","L"
"136","N","P2","male",23,0,0,15.0458,"C","L"
"137","Y","P1","female",19,0,2,26.2833,"S","L"
"138","N","P1","male",37,1,0,53.1,"S","L"
"139","N","P3","male",16,0,0,9.2167,"S","L"
"140","N","P1","male",24,0,0,79.2,"C","L"
"141","N","P3","female",?,0,2,15.2458,"C","L"
"142","Y","P3","female",22,0,0,7.75,"S","L"
"143","Y","P3","female",24,1,0,15.85,"S","L"
"144","N","P3","male",19,0,0,6.75,"Q","L"
"145","N","P2","male",18,0,0,11.5,"S","L"
"146","N","P2","male",19,1,1,36.75,"S","L"
"147","Y","P3","male",27,0,0,7.7958,"S","L"
"148","N","P3","female",9,2,2,34.375,"S","L"
"149","N","P2","male",36.5,0,2,26,"S","L"
"150","N","P2","male",42,0,0,13,"S","L"
"151","N","P2","male",51,0,0,12.525,"S","L"
"152","Y","P1","female",22,1,0,66.6,"S","L"
"153","N","P3","male",55.5,0,0,8.05,"S","L"
"154","N","P3","male",40.5,0,2,14.5,"S","L"
"155","N","P3","male",?,0,0,7.3125,"S","L"
"156","N","P1","male",51,0,1,61.3792,"C","L"
"157","Y","P3","female",16,0,0,7.7333,"Q","L"
"158","N","P3","male",30,0,0,8.05,"S","L"
"159","N","P3","male",?,0,0,8.6625,"S","L"
"160","N","P3","male",?,8,2,69.55,"S","L"
"161","N","P3","male",44,0,1,16.1,"S","L"
"162","Y","P2","female",40,0,0,15.75,"S","L"
"163","N","P3","male",26,0,0,7.775,"S","L"
"164","N","P3","male",17,0,0,8.6625,"S","L"
"165","N","P3","male",1,4,1,39.6875,"S","L"
"166","Y","P3","male",9,0,2,20.525,"S","L"
"167","Y","P1","female",?,0,1,55,"S","L"
"168","N","P3","female",45,1,4,27.9,"S","L"
"169","N","P1","male",?,0,0,25.925,"S","L"
"170","N","P3","male",28,0,0,56.4958,"S","L"
"171","N","P1","male",61,0,0,33.5,"S","L"
"172","N","P3","male",4,4,1,29.125,"Q","L"
"173","Y","P3","female",1,1,1,11.1333,"S","L"
"174","N","P3","male",21,0,0,7.925,"S","L"
"175","N","P1","male",56,0,0,30.6958,"C","L"
"176","N","P3","male",18,1,1,7.8542,"S","L"
"177","N","P3","male",?,3,1,25.4667,"S","L"
"178","N","P1","female",50,0,0,28.7125,"C","L"
"179","N","P2","male",30,0,0,13,"S","L"
"180","N","P3","male",36,0,0,0,"S","L"
"181","N","P3","female",?,8,2,69.55,"S","L"
"182","N","P2","male",?,0,0,15.05,"C","L"
"183","N","P3","male",9,4,2,31.3875,"S","L"
"184","Y","P2","male",1,2,1,39,"S","L"
"185","Y","P3","female",4,0,2,22.025,"S","L"
"186","N","P1","male",?,0,0,50,"S","L"
"187","Y","P3","female",?,1,0,15.5,"Q","L"
"188","Y","P1","male",45,0,0,26.55,"S","L"
"189","N","P3","male",40,1,1,15.5,"Q","L"
"190","N","P3","male",36,0,0,7.8958,"S","L"
"191","Y","P2","female",32,0,0,13,"S","L"
"192","N","P2","male",19,0,0,13,"S","L"
"193","Y","P3","female",19,1,0,7.8542,"S","L"
"194","Y","P2","male",3,1,1,26,"S","L"
"195","Y","P1","female",44,0,0,27.7208,"C","L"
"196","Y","P1","female",58,0,0,146.5208,"C","H"
"197","N","P3","male",?,0,0,7.75,"Q","L"
"198","N","P3","male",42,0,1,8.4042,"S","L"
"199","Y","P3","female",?,0,0,7.75,"Q","L"
"200","N","P2","female",24,0,0,13,"S","L"
"201","N","P3","male",28,0,0,9.5,"S","L"
"202","N","P3","male",?,8,2,69.55,"S","L"
"203","N","P3","male",34,0,0,6.4958,"S","L"
"204","N","P3","male",45.5,0,0,7.225,"C","L"
"205","Y","P3","male",18,0,0,8.05,"S","L"
"206","N","P3","female",2,0,1,10.4625,"S","L"
"207","N","P3","male",32,1,0,15.85,"S","L"
"208","Y","P3","male",26,0,0,18.7875,"C","L"
"209","Y","P3","female",16,0,0,7.75,"Q","L"
"210","Y","P1","male",40,0,0,31,"C","L"
"211","N","P3","male",24,0,0,7.05,"S","L"
"212","Y","P2","female",35,0,0,21,"S","L"
"213","N","P3","male",22,0,0,7.25,"S","L"
"214","N","P2","male",30,0,0,13,"S","L"
"215","N","P3","male",?,1,0,7.75,"Q","L"
"216","Y","P1","female",31,1,0,113.275,"C","H"
"217","Y","P3","female",27,0,0,7.925,"S","L"
"218","N","P2","male",42,1,0,27,"S","L"
"219","Y","P1","female",32,0,0,76.2917,"C","L"
"220","N","P2","male",30,0,0,10.5,"S","L"
"221","Y","P3","male",16,0,0,8.05,"S","L"
"222","N","P2","male",27,0,0,13,"S","L"
"223","N","P3","male",51,0,0,8.05,"S","L"
"224","N","P3","male",?,0,0,7.8958,"S","L"
"225","Y","P1","male",38,1,0,90,"S","L"
"226","N","P3","male",22,0,0,9.35,"S","L"
"227","Y","P2","male",19,0,0,10.5,"S","L"
"228","N","P3","male",20.5,0,0,7.25,"S","L"
"229","N","P2","male",18,0,0,13,"S","L"
"230","N","P3","female",?,3,1,25.4667,"S","L"
"231","Y","P1","female",35,1,0,83.475,"S","L"
"232","N","P3","male",29,0,0,7.775,"S","L"
"233","N","P2","male",59,0,0,13.5,"S","L"
"234","Y","P3","female",5,4,2,31.3875,"S","L"
"235","N","P2","male",24,0,0,10.5,"S","L"
"236","N","P3","female",?,0,0,7.55,"S","L"
"237","N","P2","male",44,1,0,26,"S","L"
"238","Y","P2","female",8,0,2,26.25,"S","L"
"239","N","P2","male",19,0,0,10.5,"S","L"
"240","N","P2","male",33,0,0,12.275,"S","L"
"241","N","P3","female",?,1,0,14.4542,"C","L"
"242","Y","P3","female",?,1,0,15.5,"Q","L"
"243","N","P2","male",29,0,0,10.5,"S","L"
"244","N","P3","male",22,0,0,7.125,"S","L"
"245","N","P3","male",30,0,0,7.225,"C","L"
"246","N","P1","male",44,2,0,90,"Q","L"
"247","N","P3","female",25,0,0,7.775,"S","L"
"248","Y","P2","female",24,0,2,14.5,"S","L"
"249","Y","P1","male",37,1,1,52.5542,"S","L"
"250","N","P2","male",54,1,0,26,"S","L"
"251","N","P3","male",?,0,0,7.25,"S","L"
"252","N","P3","female",29,1,1,10.4625,"S","L"
"253","N","P1","male",62,0,0,26.55,"S","L"
"254","N","P3","male",30,1,0,16.1,"S","L"
"255","N","P3","female",41,0,2,20.2125,"S","L"
"256","Y","P3","female",29,0,2,15.2458,"C","L"
"257","Y","P1","female",?,0,0,79.2,"C","L"
"258","Y","P1","female",30,0,0,86.5,"S","L"
"259","Y","P1","female",35,0,0,512.3292,"C","H"
"260","Y","P2","female",50,0,1,26,"S","L"
"261","N","P3","male",?,0,0,7.75,"Q","L"
"262","Y","P3","male",3,4,2,31.3875,"S","L"
"263","N","P1","male",52,1,1,79.65,"S","L"
"264","N","P1","male",40,0,0,0,"S","L"
"265","N","P3","female",?,0,0,7.75,"Q","L"
"266","N","P2","male",36,0,0,10.5,"S","L"
"267","N","P3","male",16,4,1,39.6875,"S","L"
"268","Y","P3","male",25,1,0,7.775,"S","L"
"269","Y","P1","female",58,0,1,153.4625,"S","H"
"270","Y","P1","female",35,0,0,135.6333,"S","H"
"271","N","P1","male",?,0,0,31,"S","L"
"272","Y","P3","male",25,0,0,0,"S","L"
"273","Y","P2","female",41,0,1,19.5,"S","L"
"274","N","P1","male",37,0,1,29.7,"C","L"
"275","Y","P3","female",?,0,0,7.75,"Q","L"
"276","Y","P1","female",63,1,0,77.9583,"S","L"
"277","N","P3","female",45,0,0,7.75,"S","L"
"278","N","P2","male",?,0,0,0,"S","L"
"279","N","P3","male",7,4,1,29.125,"Q","L"
"280","Y","P3","female",35,1,1,20.25,"S","L"
"281","N","P3","male",65,0,0,7.75,"Q","L"
"282","N","P3","male",28,0,0,7.8542,"S","L"
"283","N","P3","male",16,0,0,9.5,"S","L"
"284","Y","P3","male",19,0,0,8.05,"S","L"
"285","N","P1","male",?,0,0,26,"S","L"
"286","N","P3","male",33,0,0,8.6625,"C","L"
"287","Y","P3","male",30,0,0,9.5,"S","L"
"288","N","P3","male",22,0,0,7.8958,"S","L"
"289","Y","P2","male",42,0,0,13,"S","L"
"290","Y","P3","female",22,0,0,7.75,"Q","L"
"291","Y","P1","female",26,0,0,78.85,"S","L"
"292","Y","P1","female",19,1,0,91.0792,"C","L"
"293","N","P2","male",36,0,0,12.875,"C","L"
"294","N","P3","female",24,0,0,8.85,"S","L"
"295","N","P3","male",24,0,0,7.8958,"S","L"
"296","N","P1","male",?,0,0,27.7208,"C","L"
"297","N","P3","male",23.5,0,0,7.2292,"C","L"
"298","N","P1","female",2,1,2,151.55,"S","H"
"299","Y","P1","male",?,0,0,30.5,"S","L"
"300","Y","P1","female",50,0,1,247.5208,"C","H"
"301","Y","P3","female",?,0,0,7.75,"Q","L"
"302","Y","P3","male",?,2,0,23.25,"Q","L"
"303","N","P3","male",19,0,0,0,"S","L"
"304","Y","P2","female",?,0,0,12.35,"Q","L"
"305","N","P3","male",?,0,0,8.05,"S","L"
"306","Y","P1","male",0.92,1,2,151.55,"S","H"
"307","Y","P1","female",?,0,0,110.8833,"C","H"
"308","Y","P1","female",17,1,0,108.9,"C","H"
"309","N","P2","male",30,1,0,24,"C","L"
"310","Y","P1","female",30,0,0,56.9292,"C","L"
"311","Y","P1","female",24,0,0,83.1583,"C","L"
"312","Y","P1","female",18,2,2,262.375,"C","H"
"313","N","P2","female",26,1,1,26,"S","L"
"314","N","P3","male",28,0,0,7.8958,"S","L"
"315","N","P2","male",43,1,1,26.25,"S","L"
"316","Y","P3","female",26,0,0,7.8542,"S","L"
"317","Y","P2","female",24,1,0,26,"S","L"
"318","N","P2","male",54,0,0,14,"S","L"
"319","Y","P1","female",31,0,2,164.8667,"S","H"
"320","Y","P1","female",40,1,1,134.5,"C","H"
"321","N","P3","male",22,0,0,7.25,"S","L"
"322","N","P3","male",27,0,0,7.8958,"S","L"
"323","Y","P2","female",30,0,0,12.35,"Q","L"
"324","Y","P2","female",22,1,1,29,"S","L"
"325","N","P3","male",?,8,2,69.55,"S","L"
"326","Y","P1","female",36,0,0,135.6333,"C","H"
"327","N","P3","male",61,0,0,6.2375,"S","L"
"328","Y","P2","female",36,0,0,13,"S","L"
"329","Y","P3","female",31,1,1,20.525,"S","L"
"330","Y","P1","female",16,0,1,57.9792,"C","L"
"331","Y","P3","female",?,2,0,23.25,"Q","L"
"332","N","P1","male",45.5,0,0,28.5,"S","L"
"333","N","P1","male",38,0,1,153.4625,"S","H"
"334","N","P3","male",16,2,0,18,"S","L"
"335","Y","P1","female",?,1,0,133.65,"S","H"
"336","N","P3","male",?,0,0,7.8958,"S","L"
"337","N","P1","male",29,1,0,66.6,"S","L"
"338","Y","P1","female",41,0,0,134.5,"C","H"
"339","Y","P3","male",45,0,0,8.05,"S","L"
"340","N","P1","male",45,0,0,35.5,"S","L"
"341","Y","P2","male",2,1,1,26,"S","L"
"342","Y","P1","female",24,3,2,263,"S","H"
"343","N","P2","male",28,0,0,13,"S","L"
"344","N","P2","male",25,0,0,13,"S","L"
"345","N","P2","male",36,0,0,13,"S","L"
"346","Y","P2","female",24,0,0,13,"S","L"
"347","Y","P2","female",40,0,0,13,"S","L"
"348","Y","P3","female",?,1,0,16.1,"S","L"
"349","Y","P3","male",3,1,1,15.9,"S","L"
"350","N","P3","male",42,0,0,8.6625,"S","L"
"351","N","P3","male",23,0,0,9.225,"S","L"
"352","N","P1","male",?,0,0,35,"S","L"
"353","N","P3","male",15,1,1,7.2292,"C","L"
"354","N","P3","male",25,1,0,17.8,"S","L"
"355","N","P3","male",?,0,0,7.225,"C","L"
"356","N","P3","male",28,0,0,9.5,"S","L"
"357","Y","P1","female",22,0,1,55,"S","L"
"358","N","P2","female",38,0,0,13,"S","L"
"359","Y","P3","female",?,0,0,7.8792,"Q","L"
"360","Y","P3","female",?,0,0,7.8792,"Q","L"
"361","N","P3","male",40,1,4,27.9,"S","L"
"362","N","P2","male",29,1,0,27.7208,"C","L"
"363","N","P3","female",45,0,1,14.4542,"C","L"
"364","N","P3","male",35,0,0,7.05,"S","L"
"365","N","P3","male",?,1,0,15.5,"Q","L"
"366","N","P3","male",30,0,0,7.25,"S","L"
"367","Y","P1","female",60,1,0,75.25,"C","L"
"368","Y","P3","female",?,0,0,7.2292,"C","L"
"369","Y","P3","female",?,0,0,7.75,"Q","L"
"370","Y","P1","female",24,0,0,69.3,"C","L"
"371","Y","P1","male",25,1,0,55.4417,"C","L"
"372","N","P3","male",18,1,0,6.4958,"S","L"
"373","N","P3","male",19,0,0,8.05,"S","L"
"374","N","P1","male",22,0,0,135.6333,"C","H"
"375","N","P3","female",3,3,1,21.075,"S","L"
"376","Y","P1","female",?,1,0,82.1708,"C","L"
"377","Y","P3","female",22,0,0,7.25,"S","L"
"378","N","P1","male",27,0,2,211.5,"C","H"
"379","N","P3","male",20,0,0,4.0125,"C","L"
"380","N","P3","male",19,0,0,7.775,"S","L"
"381","Y","P1","female",42,0,0,227.525,"C","H"
"382","Y","P3","female",1,0,2,15.7417,"C","L"
"383","N","P3","male",32,0,0,7.925,"S","L"
"384","Y","P1","female",35,1,0,52,"S","L"
"385","N","P3","male",?,0,0,7.8958,"S","L"
"386","N","P2","male",18,0,0,73.5,"S","L"
"387","N","P3","male",1,5,2,46.9,"S","L"
"388","Y","P2","female",36,0,0,13,"S","L"
"389","N","P3","male",?,0,0,7.7292,"Q","L"
"390","Y","P2","female",17,0,0,12,"C","L"
"391","Y","P1","male",36,1,2,120,"S","H"
"392","Y","P3","male",21,0,0,7.7958,"S","L"
"393","N","P3","male",28,2,0,7.925,"S","L"
"394","Y","P1","female",23,1,0,113.275,"C","H"
"395","Y","P3","female",24,0,2,16.7,"S","L"
"396","N","P3","male",22,0,0,7.7958,"S","L"
"397","N","P3","female",31,0,0,7.8542,"S","L"
"398","N","P2","male",46,0,0,26,"S","L"
"399","N","P2","male",23,0,0,10.5,"S","L"
"400","Y","P2","female",28,0,0,12.65,"S","L"
"401","Y","P3","male",39,0,0,7.925,"S","L"
"402","N","P3","male",26,0,0,8.05,"S","L"
"403","N","P3","female",21,1,0,9.825,"S","L"
"404","N","P3","male",28,1,0,15.85,"S","L"
"405","N","P3","female",20,0,0,8.6625,"S","L"
"406","N","P2","male",34,1,0,21,"S","L"
"407","N","P3","male",51,0,0,7.75,"S","L"
"408","Y","P2","male",3,1,1,18.75,"S","L"
"409","N","P3","male",21,0,0,7.775,"S","L"
"410","N","P3","female",?,3,1,25.4667,"S","L"
"411","N","P3","male",?,0,0,7.8958,"S","L"
"412","N","P3","male",?,0,0,6.8583,"Q","L"
"413","Y","P1","female",33,1,0,90,"Q","L"
"414","N","P2","male",?,0,0,0,"S","L"
"415","Y","P3","male",44,0,0,7.925,"S","L"
"416","N","P3","female",?,0,0,8.05,"S","L"
"417","Y","P2","female",34,1,1,32.5,"S","L"
"418","Y","P2","female",18,0,2,13,"S","L"
"419","N","P2","male",30,0,0,13,"S","L"
"420","N","P3","female",10,0,2,24.15,"S","L"
"421","N","P3","male",?,0,0,7.8958,"C","L"
"422","N","P3","male",21,0,0,7.7333,"Q","L"
"423","N","P3","male",29,0,0,7.875,"S","L"
"424","N","P3","female",28,1,1,14.4,"S","L"
"425","N","P3","male",18,1,1,20.2125,"S","L"
"426","N","P3","male",?,0,0,7.25,"S","L"
"427","Y","P2","female",28,1,0,26,"S","L"
"428","Y","P2","female",19,0,0,26,"S","L"
"429","N","P3","male",?,0,0,7.75,"Q","L"
"430","Y","P3","male",32,0,0,8.05,"S","L"
"431","Y","P1","male",28,0,0,26.55,"S","L"
"432","Y","P3","female",?,1,0,16.1,"S","L"
"433","Y","P2","female",42,1,0,26,"S","L"
"434","N","P3","male",17,0,0,7.125,"S","L"
"435","N","P1","male",50,1,0,55.9,"S","L"
"436","Y","P1","female",14,1,2,120,"S","H"
"437","N","P3","female",21,2,2,34.375,"S","L"
"438","Y","P2","female",24,2,3,18.75,"S","L"
"439","N","P1","male",64,1,4,263,"S","H"
"440","N","P2","male",31,0,0,10.5,"S","L"
"441","Y","P2","female",45,1,1,26.25,"S","L"
"442","N","P3","male",20,0,0,9.5,"S","L"
"443","N","P3","male",25,1,0,7.775,"S","L"
"444","Y","P2","female",28,0,0,13,"S","L"
"445","Y","P3","male",?,0,0,8.1125,"S","L"
"446","Y","P1","male",4,0,2,81.8583,"S","L"
"447","Y","P2","female",13,0,1,19.5,"S","L"
"448","Y","P1","male",34,0,0,26.55,"S","L"
"449","Y","P3","female",5,2,1,19.2583,"C","L"
"450","Y","P1","male",52,0,0,30.5,"S","L"
"451","N","P2","male",36,1,2,27.75,"S","L"
"452","N","P3","male",?,1,0,19.9667,"S","L"
"453","N","P1","male",30,0,0,27.75,"C","L"
"454","Y","P1","male",49,1,0,89.1042,"C","L"
"455","N","P3","male",?,0,0,8.05,"S","L"
"456","Y","P3","male",29,0,0,7.8958,"C","L"
"457","N","P1","male",65,0,0,26.55,"S","L"
"458","Y","P1","female",?,1,0,51.8625,"S","L"
"459","Y","P2","female",50,0,0,10.5,"S","L"
"460","N","P3","male",?,0,0,7.75,"Q","L"
"461","Y","P1","male",48,0,0,26.55,"S","L"
"462","N","P3","male",34,0,0,8.05,"S","L"
"463","N","P1","male",47,0,0,38.5,"S","L"
"464","N","P2","male",48,0,0,13,"S","L"
"465","N","P3","male",?,0,0,8.05,"S","L"
"466","N","P3","male",38,0,0,7.05,"S","L"
"467","N","P2","male",?,0,0,0,"S","L"
"468","N","P1","male",56,0,0,26.55,"S","L"
"469","N","P3","male",?,0,0,7.725,"Q","L"
"470","Y","P3","female",0.75,2,1,19.2583,"C","L"
"471","N","P3","male",?,0,0,7.25,"S","L"
"472","N","P3","male",38,0,0,8.6625,"S","L"
"473","Y","P2","female",33,1,2,27.75,"S","L"
"474","Y","P2","female",23,0,0,13.7917,"C","L"
"475","N","P3","female",22,0,0,9.8375,"S","L"
"476","N","P1","male",?,0,0,52,"S","L"
"477","N","P2","male",34,1,0,21,"S","L"
"478","N","P3","male",29,1,0,7.0458,"S","L"
"479","N","P3","male",22,0,0,7.5208,"S","L"
"480","Y","P3","female",2,0,1,12.2875,"S","L"
"481","N","P3","male",9,5,2,46.9,"S","L"
"482","N","P2","male",?,0,0,0,"S","L"
"483","N","P3","male",50,0,0,8.05,"S","L"
"484","Y","P3","female",63,0,0,9.5875,"S","L"
"485","Y","P1","male",25,1,0,91.0792,"C","L"
"486","N","P3","female",?,3,1,25.4667,"S","L"
"487","Y","P1","female",35,1,0,90,"S","L"
"488","N","P1","male",58,0,0,29.7,"C","L"
"489","N","P3","male",30,0,0,8.05,"S","L"
"490","Y","P3","male",9,1,1,15.9,"S","L"
"491","N","P3","male",?,1,0,19.9667,"S","L"
"492","N","P3","male",21,0,0,7.25,"S","L"
"493","N","P1","male",55,0,0,30.5,"S","L"
"494","N","P1","male",71,0,0,49.5042,"C","L"
"495","N","P3","male",21,0,0,8.05,"S","L"
"496","N","P3","male",?,0,0,14.4583,"C","L"
"497","Y","P1","female",54,1,0,78.2667,"C","L"
"498","N","P3","male",?,0,0,15.1,"S","L"
"499","N","P1","female",25,1,2,151.55,"S","H"
"500","N","P3","male",24,0,0,7.7958,"S","L"
"501","N","P3","male",17,0,0,8.6625,"S","L"
"502","N","P3","female",21,0,0,7.75,"Q","L"
"503","N","P3","female",?,0,0,7.6292,"Q","L"
"504","N","P3","female",37,0,0,9.5875,"S","L"
"505","Y","P1","female",16,0,0,86.5,"S","L"
"506","N","P1","male",18,1,0,108.9,"C","H"
"507","Y","P2","female",33,0,2,26,"S","L"
"508","Y","P1","male",?,0,0,26.55,"S","L"
"509","N","P3","male",28,0,0,22.525,"S","L"
"510","Y","P3","male",26,0,0,56.4958,"S","L"
"511","Y","P3","male",29,0,0,7.75,"Q","L"
"512","N","P3","male",?,0,0,8.05,"S","L"
"513","Y","P1","male",36,0,0,26.2875,"S","L"
"514","Y","P1","female",54,1,0,59.4,"C","L"
"515","N","P3","male",24,0,0,7.4958,"S","L"
"516","N","P1","male",47,0,0,34.0208,"S","L"
"517","Y","P2","female",34,0,0,10.5,"S","L"
"518","N","P3","male",?,0,0,24.15,"Q","L"
"519","Y","P2","female",36,1,0,26,"S","L"
"520","N","P3","male",32,0,0,7.8958,"S","L"
"521","Y","P1","female",30,0,0,93.5,"S","L"
"522","N","P3","male",22,0,0,7.8958,"S","L"
"523","N","P3","male",?,0,0,7.225,"C","L"
"524","Y","P1","female",44,0,1,57.9792,"C","L"
"525","N","P3","male",?,0,0,7.2292,"C","L"
"526","N","P3","male",40.5,0,0,7.75,"Q","L"
"527","Y","P2","female",50,0,0,10.5,"S","L"
"528","N","P1","male",?,0,0,221.7792,"S","H"
"529","N","P3","male",39,0,0,7.925,"S","L"
"530","N","P2","male",23,2,1,11.5,"S","L"
"531","Y","P2","female",2,1,1,26,"S","L"
"532","N","P3","male",?,0,0,7.2292,"C","L"
"533","N","P3","male",17,1,1,7.2292,"C","L"
"534","Y","P3","female",?,0,2,22.3583,"C","L"
"535","N","P3","female",30,0,0,8.6625,"S","L"
"536","Y","P2","female",7,0,2,26.25,"S","L"
"537","N","P1","male",45,0,0,26.55,"S","L"
"538","Y","P1","female",30,0,0,106.425,"C","H"
"539","N","P3","male",?,0,0,14.5,"S","L"
"540","Y","P1","female",22,0,2,49.5,"C","L"
"541","Y","P1","female",36,0,2,71,"S","L"
"542","N","P3","female",9,4,2,31.275,"S","L"
"543","N","P3","female",11,4,2,31.275,"S","L"
"544","Y","P2","male",32,1,0,26,"S","L"
"545","N","P1","male",50,1,0,106.425,"C","H"
"546","N","P1","male",64,0,0,26,"S","L"
"547","Y","P2","female",19,1,0,26,"S","L"
"548","Y","P2","male",?,0,0,13.8625,"C","L"
"549","N","P3","male",33,1,1,20.525,"S","L"
"550","Y","P2","male",8,1,1,36.75,"S","L"
"551","Y","P1","male",17,0,2,110.8833,"C","H"
"552","N","P2","male",27,0,0,26,"S","L"
"553","N","P3","male",?,0,0,7.8292,"Q","L"
"554","Y","P3","male",22,0,0,7.225,"C","L"
"555","Y","P3","female",22,0,0,7.775,"S","L"
"556","N","P1","male",62,0,0,26.55,"S","L"
"557","Y","P1","female",48,1,0,39.6,"C","L"
"558","N","P1","male",?,0,0,227.525,"C","H"
"559","Y","P1","female",39,1,1,79.65,"S","L"
"560","Y","P3","female",36,1,0,17.4,"S","L"
"561","N","P3","male",?,0,0,7.75,"Q","L"
"562","N","P3","male",40,0,0,7.8958,"S","L"
"563","N","P2","male",28,0,0,13.5,"S","L"
"564","N","P3","male",?,0,0,8.05,"S","L"
"565","N","P3","female",?,0,0,8.05,"S","L"
"566","N","P3","male",24,2,0,24.15,"S","L"
"567","N","P3","male",19,0,0,7.8958,"S","L"
"568","N","P3","female",29,0,4,21.075,"S","L"
"569","N","P3","male",?,0,0,7.2292,"C","L"
"570","Y","P3","male",32,0,0,7.8542,"S","L"
"571","Y","P2","male",62,0,0,10.5,"S","L"
"572","Y","P1","female",53,2,0,51.4792,"S","L"
"573","Y","P1","male",36,0,0,26.3875,"S","L"
"574","Y","P3","female",?,0,0,7.75,"Q","L"
"575","N","P3","male",16,0,0,8.05,"S","L"
"576","N","P3","male",19,0,0,14.5,"S","L"
"577","Y","P2","female",34,0,0,13,"S","L"
"578","Y","P1","female",39,1,0,55.9,"S","L"
"579","N","P3","female",?,1,0,14.4583,"C","L"
"580","Y","P3","male",32,0,0,7.925,"S","L"
"581","Y","P2","female",25,1,1,30,"S","L"
"582","Y","P1","female",39,1,1,110.8833,"C","H"
"583","N","P2","male",54,0,0,26,"S","L"
"584","N","P1","male",36,0,0,40.125,"C","L"
"585","N","P3","male",?,0,0,8.7125,"C","L"
"586","Y","P1","female",18,0,2,79.65,"S","L"
"587","N","P2","male",47,0,0,15,"S","L"
"588","Y","P1","male",60,1,1,79.2,"C","L"
"589","N","P3","male",22,0,0,8.05,"S","L"
"590","N","P3","male",?,0,0,8.05,"S","L"
"591","N","P3","male",35,0,0,7.125,"S","L"
"592","Y","P1","female",52,1,0,78.2667,"C","L"
"593","N","P3","male",47,0,0,7.25,"S","L"
"594","N","P3","female",?,0,2,7.75,"Q","L"
"595","N","P2","male",37,1,0,26,"S","L"
"596","N","P3","male",36,1,1,24.15,"S","L"
"597","Y","P2","female",?,0,0,33,"S","L"
"598","N","P3","male",49,0,0,0,"S","L"
"599","N","P3","male",?,0,0,7.225,"C","L"
"600","Y","P1","male",49,1,0,56.9292,"C","L"
"601","Y","P2","female",24,2,1,27,"S","L"
"602","N","P3","male",?,0,0,7.8958,"S","L"
"603","N","P1","male",?,0,0,42.4,"S","L"
"604","N","P3","male",44,0,0,8.05,"S","L"
"605","Y","P1","male",35,0,0,26.55,"C","L"
"606","N","P3","male",36,1,0,15.55,"S","L"
"607","N","P3","male",30,0,0,7.8958,"S","L"
"608","Y","P1","male",27,0,0,30.5,"S","L"
"609","Y","P2","female",22,1,2,41.5792,"C","L"
"610","Y","P1","female",40,0,0,153.4625,"S","H"
"611","N","P3","female",39,1,5,31.275,"S","L"
"612","N","P3","male",?,0,0,7.05,"S","L"
"613","Y","P3","female",?,1,0,15.5,"Q","L"
"614","N","P3","male",?,0,0,7.75,"Q","L"
"615","N","P3","male",35,0,0,8.05,"S","L"
"616","Y","P2","female",24,1,2,65,"S","L"
"617","N","P3","male",34,1,1,14.4,"S","L"
"618","N","P3","female",26,1,0,16.1,"S","L"
"619","Y","P2","female",4,2,1,39,"S","L"
"620","N","P2","male",26,0,0,10.5,"S","L"
"621","N","P3","male",27,1,0,14.4542,"C","L"
"622","Y","P1","male",42,1,0,52.5542,"S","L"
"623","Y","P3","male",20,1,1,15.7417,"C","L"
"624","N","P3","male",21,0,0,7.8542,"S","L"
"625","N","P3","male",21,0,0,16.1,"S","L"
"626","N","P1","male",61,0,0,32.3208,"S","L"
"627","N","P2","male",57,0,0,12.35,"Q","L"
"628","Y","P1","female",21,0,0,77.9583,"S","L"
"629","N","P3","male",26,0,0,7.8958,"S","L"
"630","N","P3","male",?,0,0,7.7333,"Q","L"
"631","Y","P1","male",80,0,0,30,"S","L"
"632","N","P3","male",51,0,0,7.0542,"S","L"
"633","Y","P1","male",32,0,0,30.5,"C","L"
"634","N","P1","male",?,0,0,0,"S","L"
"635","N","P3","female",9,3,2,27.9,"S","L"
"636","Y","P2","female",28,0,0,13,"S","L"
"637","N","P3","male",32,0,0,7.925,"S","L"
"638","N","P2","male",31,1,1,26.25,"S","L"
"639","N","P3","female",41,0,5,39.6875,"S","L"
"640","N","P3","male",?,1,0,16.1,"S","L"
"641","N","P3","male",20,0,0,7.8542,"S","L"
"642","Y","P1","female",24,0,0,69.3,"C","L"
"643","N","P3","female",2,3,2,27.9,"S","L"
"644","Y","P3","male",?,0,0,56.4958,"S","L"
"645","Y","P3","female",0.75,2,1,19.2583,"C","L"
"646","Y","P1","male",48,1,0,76.7292,"C","L"
"647","N","P3","male",19,0,0,7.8958,"S","L"
"648","Y","P1","male",56,0,0,35.5,"C","L"
"649","N","P3","male",?,0,0,7.55,"S","L"
"650","Y","P3","female",23,0,0,7.55,"S","L"
"651","N","P3","male",?,0,0,7.8958,"S","L"
"652","Y","P2","female",18,0,1,23,"S","L"
"653","N","P3","male",21,0,0,8.4333,"S","L"
"654","Y","P3","female",?,0,0,7.8292,"Q","L"
"655","N","P3","female",18,0,0,6.75,"Q","L"
"656","N","P2","male",24,2,0,73.5,"S","L"
"657","N","P3","male",?,0,0,7.8958,"S","L"
"658","N","P3","female",32,1,1,15.5,"Q","L"
"659","N","P2","male",23,0,0,13,"S","L"
"660","N","P1","male",58,0,2,113.275,"C","H"
"661","Y","P1","male",50,2,0,133.65,"S","H"
"662","N","P3","male",40,0,0,7.225,"C","L"
"663","N","P1","male",47,0,0,25.5875,"S","L"
"664","N","P3","male",36,0,0,7.4958,"S","L"
"665","Y","P3","male",20,1,0,7.925,"S","L"
"666","N","P2","male",32,2,0,73.5,"S","L"
"667","N","P2","male",25,0,0,13,"S","L"
"668","N","P3","male",?,0,0,7.775,"S","L"
"669","N","P3","male",43,0,0,8.05,"S","L"
"670","Y","P1","female",?,1,0,52,"S","L"
"671","Y","P2","female",40,1,1,39,"S","L"
"672","N","P1","male",31,1,0,52,"S","L"
"673","N","P2","male",70,0,0,10.5,"S","L"
"674","Y","P2","male",31,0,0,13,"S","L"
"675","N","P2","male",?,0,0,0,"S","L"
"676","N","P3","male",18,0,0,7.775,"S","L"
"677","N","P3","male",24.5,0,0,8.05,"S","L"
"678","Y","P3","female",18,0,0,9.8417,"S","L"
"679","N","P3","female",43,1,6,46.9,"S","L"
"680","Y","P1","male",36,0,1,512.3292,"C","H"
"681","N","P3","female",?,0,0,8.1375,"Q","L"
"682","Y","P1","male",27,0,0,76.7292,"C","L"
"683","N","P3","male",20,0,0,9.225,"S","L"
"684","N","P3","male",14,5,2,46.9,"S","L"
"685","N","P2","male",60,1,1,39,"S","L"
"686","N","P2","male",25,1,2,41.5792,"C","L"
"687","N","P3","male",14,4,1,39.6875,"S","L"
"688","N","P3","male",19,0,0,10.1708,"S","L"
"689","N","P3","male",18,0,0,7.7958,"S","L"
"690","Y","P1","female",15,0,1,211.3375,"S","H"
"691","Y","P1","male",31,1,0,57,"S","L"
"692","Y","P3","female",4,0,1,13.4167,"C","L"
"693","Y","P3","male",?,0,0,56.4958,"S","L"
"694","N","P3","male",25,0,0,7.225,"C","L"
"695","N","P1","male",60,0,0,26.55,"S","L"
"696","N","P2","male",52,0,0,13.5,"S","L"
"697","N","P3","male",44,0,0,8.05,"S","L"
"698","Y","P3","female",?,0,0,7.7333,"Q","L"
"699","N","P1","male",49,1,1,110.8833,"C","H"
"700","N","P3","male",42,0,0,7.65,"S","L"
"701","Y","P1","female",18,1,0,227.525,"C","H"
"702","Y","P1","male",35,0,0,26.2875,"S","L"
"703","N","P3","female",18,0,1,14.4542,"C","L"
"704","N","P3","male",25,0,0,7.7417,"Q","L"
"705","N","P3","male",26,1,0,7.8542,"S","L"
"706","N","P2","male",39,0,0,26,"S","L"
"707","Y","P2","female",45,0,0,13.5,"S","L"
"708","Y","P1","male",42,0,0,26.2875,"S","L"
"709","Y","P1","female",22,0,0,151.55,"S","H"
"710","Y","P3","male",?,1,1,15.2458,"C","L"
"711","Y","P1","female",24,0,0,49.5042,"C","L"
"712","N","P1","male",?,0,0,26.55,"S","L"
"713","Y","P1","male",48,1,0,52,"S","L"
"714","N","P3","male",29,0,0,9.4833,"S","L"
"715","N","P2","male",52,0,0,13,"S","L"
"716","N","P3","male",19,0,0,7.65,"S","L"
"717","Y","P1","female",38,0,0,227.525,"C","H"
"718","Y","P2","female",27,0,0,10.5,"S","L"
"719","N","P3","male",?,0,0,15.5,"Q","L"
"720","N","P3","male",33,0,0,7.775,"S","L"
"721","Y","P2","female",6,0,1,33,"S","L"
"722","N","P3","male",17,1,0,7.0542,"S","L"
"723","N","P2","male",34,0,0,13,"S","L"
"724","N","P2","male",50,0,0,13,"S","L"
"725","Y","P1","male",27,1,0,53.1,"S","L"
"726","N","P3","male",20,0,0,8.6625,"S","L"
"727","Y","P2","female",30,3,0,21,"S","L"
"728","Y","P3","female",?,0,0,7.7375,"Q","L"
"729","N","P2","male",25,1,0,26,"S","L"
"730","N","P3","female",25,1,0,7.925,"S","L"
"731","Y","P1","female",29,0,0,211.3375,"S","H"
"732","N","P3","male",11,0,0,18.7875,"C","L"
"733","N","P2","male",?,0,0,0,"S","L"
"734","N","P2","male",23,0,0,13,"S","L"
"735","N","P2","male",23,0,0,13,"S","L"
"736","N","P3","male",28.5,0,0,16.1,"S","L"
"737","N","P3","female",48,1,3,34.375,"S","L"
"738","Y","P1","male",35,0,0,512.3292,"C","H"
"739","N","P3","male",?,0,0,7.8958,"S","L"
"740","N","P3","male",?,0,0,7.8958,"S","L"
"741","Y","P1","male",?,0,0,30,"S","L"
"742","N","P1","male",36,1,0,78.85,"S","L"
"743","Y","P1","female",21,2,2,262.375,"C","H"
"744","N","P3","male",24,1,0,16.1,"S","L"
"745","Y","P3","male",31,0,0,7.925,"S","L"
"746","N","P1","male",70,1,1,71,"S","L"
"747","N","P3","male",16,1,1,20.25,"S","L"
"748","Y","P2","female",30,0,0,13,"S","L"
"749","N","P1","male",19,1,0,53.1,"S","L"
"750","N","P3","male",31,0,0,7.75,"Q","L"
"751","Y","P2","female",4,1,1,23,"S","L"
"752","Y","P3","male",6,0,1,12.475,"S","L"
"753","N","P3","male",33,0,0,9.5,"S","L"
"754","N","P3","male",23,0,0,7.8958,"S","L"
"755","Y","P2","female",48,1,2,65,"S","L"
"756","Y","P2","male",0.67,1,1,14.5,"S","L"
"757","N","P3","male",28,0,0,7.7958,"S","L"
"758","N","P2","male",18,0,0,11.5,"S","L"
"759","N","P3","male",34,0,0,8.05,"S","L"
"760","Y","P1","female",33,0,0,86.5,"S","L"
"761","N","P3","male",?,0,0,14.5,"S","L"
"762","N","P3","male",41,0,0,7.125,"S","L"
"763","Y","P3","male",20,0,0,7.2292,"C","L"
"764","Y","P1","female",36,1,2,120,"S","H"
"765","N","P3","male",16,0,0,7.775,"S","L"
"766","Y","P1","female",51,1,0,77.9583,"S","L"
"767","N","P1","male",?,0,0,39.6,"C","L"
"768","N","P3","female",30.5,0,0,7.75,"Q","L"
"769","N","P3","male",?,1,0,24.15,"Q","L"
"770","N","P3","male",32,0,0,8.3625,"S","L"
"771","N","P3","male",24,0,0,9.5,"S","L"
"772","N","P3","male",48,0,0,7.8542,"S","L"
"773","N","P2","female",57,0,0,10.5,"S","L"
"774","N","P3","male",?,0,0,7.225,"C","L"
"775","Y","P2","female",54,1,3,23,"S","L"
"776","N","P3","male",18,0,0,7.75,"S","L"
"777","N","P3","male",?,0,0,7.75,"Q","L"
"778","Y","P3","female",5,0,0,12.475,"S","L"
"779","N","P3","male",?,0,0,7.7375,"Q","L"
"780","Y","P1","female",43,0,1,211.3375,"S","H"
"781","Y","P3","female",13,0,0,7.2292,"C","L"
"782","Y","P1","female",17,1,0,57,"S","L"
"783","N","P1","male",29,0,0,30,"S","L"
"784","N","P3","male",?,1,2,23.45,"S","L"
"785","N","P3","male",25,0,0,7.05,"S","L"
"786","N","P3","male",25,0,0,7.25,"S","L"
"787","Y","P3","female",18,0,0,7.4958,"S","L"
"788","N","P3","male",8,4,1,29.125,"Q","L"
"789","Y","P3","male",1,1,2,20.575,"S","L"
"790","N","P1","male",46,0,0,79.2,"C","L"
"791","N","P3","male",?,0,0,7.75,"Q","L"
"792","N","P2","male",16,0,0,26,"S","L"
"793","N","P3","female",?,8,2,69.55,"S","L"
"794","N","P1","male",?,0,0,30.6958,"C","L"
"795","N","P3","male",25,0,0,7.8958,"S","L"
"796","N","P2","male",39,0,0,13,"S","L"
"797","Y","P1","female",49,0,0,25.9292,"S","L"
"798","Y","P3","female",31,0,0,8.6833,"S","L"
"799","N","P3","male",30,0,0,7.2292,"C","L"
"800","N","P3","female",30,1,1,24.15,"S","L"
"801","N","P2","male",34,0,0,13,"S","L"
"802","Y","P2","female",31,1,1,26.25,"S","L"
"803","Y","P1","male",11,1,2,120,"S","H"
"804","Y","P3","male",0.42,0,1,8.5167,"C","L"
"805","Y","P3","male",27,0,0,6.975,"S","L"
"806","N","P3","male",31,0,0,7.775,"S","L"
"807","N","P1","male",39,0,0,0,"S","L"
"808","N","P3","female",18,0,0,7.775,"S","L"
"809","N","P2","male",39,0,0,13,"S","L"
"810","Y","P1","female",33,1,0,53.1,"S","L"
"811","N","P3","male",26,0,0,7.8875,"S","L"
"812","N","P3","male",39,0,0,24.15,"S","L"
"813","N","P2","male",35,0,0,10.5,"S","L"
"814","N","P3","female",6,4,2,31.275,"S","L"
"815","N","P3","male",30.5,0,0,8.05,"S","L"
"816","N","P1","male",?,0,0,0,"S","L"
"817","N","P3","female",23,0,0,7.925,"S","L"
"818","N","P2","male",31,1,1,37.0042,"C","L"
"819","N","P3","male",43,0,0,6.45,"S","L"
"820","N","P3","male",10,3,2,27.9,"S","L"
"821","Y","P1","female",52,1,1,93.5,"S","L"
"822","Y","P3","male",27,0,0,8.6625,"S","L"
"823","N","P1","male",38,0,0,0,"S","L"
"824","Y","P3","female",27,0,1,12.475,"S","L"
"825","N","P3","male",2,4,1,39.6875,"S","L"
"826","N","P3","male",?,0,0,6.95,"Q","L"
"827","N","P3","male",?,0,0,56.4958,"S","L"
"828","Y","P2","male",1,0,2,37.0042,"C","L"
"829","Y","P3","male",?,0,0,7.75,"Q","L"
"830","Y","P1","female",62,0,0,80,?,"L"
"831","Y","P3","female",15,1,0,14.4542,"C","L"
"832","Y","P2","male",0.83,1,1,18.75,"S","L"
"833","N","P3","male",?,0,0,7.2292,"C","L"
"834","N","P3","male",23,0,0,7.8542,"S","L"
"835","N","P3","male",18,0,0,8.3,"S","L"
"836","Y","P1","female",39,1,1,83.1583,"C","L"
"837","N","P3","male",21,0,0,8.6625,"S","L"
"838","N","P3","male",?,0,0,8.05,"S","L"
"839","Y","P3","male",32,0,0,56.4958,"S","L"
"840","Y","P1","male",?,0,0,29.7,"C","L"
"841","N","P3","male",20,0,0,7.925,"S","L"
"842","N","P2","male",16,0,0,10.5,"S","L"
"843","Y","P1","female",30,0,0,31,"C","L"
"844","N","P3","male",34.5,0,0,6.4375,"C","L"
"845","N","P3","male",17,0,0,8.6625,"S","L"
"846","N","P3","male",42,0,0,7.55,"S","L"
"847","N","P3","male",?,8,2,69.55,"S","L"
"848","N","P3","male",35,0,0,7.8958,"C","L"
"849","N","P2","male",28,0,1,33,"S","L"
"850","Y","P1","female",?,1,0,89.1042,"C","L"
"851","N","P3","male",4,4,2,31.275,"S","L"
"852","N","P3","male",74,0,0,7.775,"S","L"
"853","N","P3","female",9,1,1,15.2458,"C","L"
"854","Y","P1","female",16,0,1,39.4,"S","L"
"855","N","P2","female",44,1,0,26,"S","L"
"856","Y","P3","female",18,0,1,9.35,"S","L"
"857","Y","P1","female",45,1,1,164.8667,"S","H"
"858","Y","P1","male",51,0,0,26.55,"S","L"
"859","Y","P3","female",24,0,3,19.2583,"C","L"
"860","N","P3","male",?,0,0,7.2292,"C","L"
"861","N","P3","male",41,2,0,14.1083,"S","L"
"862","N","P2","male",21,1,0,11.5,"S","L"
"863","Y","P1","female",48,0,0,25.9292,"S","L"
"864","N","P3","female",?,8,2,69.55,"S","L"
"865","N","P2","male",24,0,0,13,"S","L"
"866","Y","P2","female",42,0,0,13,"S","L"
"867","Y","P2","female",27,1,0,13.8583,"C","L"
"868","N","P1","male",31,0,0,50.4958,"S","L"
"869","N","P3","male",?,0,0,9.5,"S","L"
"870","Y","P3","male",4,1,1,11.1333,"S","L"
"871","N","P3","male",26,0,0,7.8958,"S","L"
"872","Y","P1","female",47,1,1,52.5542,"S","L"
"873","N","P1","male",33,0,0,5,"S","L"
"874","N","P3","male",47,0,0,9,"S","L"
"875","Y","P2","female",28,1,0,24,"C","L"
"876","Y","P3","female",15,0,0,7.225,"C","L"
"877","N","P3","male",20,0,0,9.8458,"S","L"
"878","N","P3","male",19,0,0,7.8958,"S","L"
"879","N","P3","male",?,0,0,7.8958,"S","L"
"880","Y","P1","female",56,0,1,83.1583,"C","L"
"881","Y","P2","female",25,0,1,26,"S","L"
"882","N","P3","male",33,0,0,7.8958,"S","L"
"883","N","P3","female",22,0,0,10.5167,"S","L"
"884","N","P2","male",28,0,0,10.5,"S","L"
"885","N","P3","male",25,0,0,7.05,"S","L"
"886","N","P3","female",39,0,5,29.125,"Q","L"
"887","N","P2","male",27,0,0,13,"S","L"
"888","Y","P1","female",19,0,0,30,"S","L"
"889","N","P3","female",?,1,2,23.45,"S","L"
"890","Y","P1","male",26,0,0,30,"C","L"
"891","N","P3","male",32,0,0,7.75,"Q","L"
